question_id,title,paragraph_id,question,ans_1,ans_2,ans_3,question_id_unique
0,Super_Bowl_50,1,スーパーボウル50でAFCを代表したのはどのチームか？,Denver Broncos,Denver Broncos,Denver Broncos,56be4db0acb8001400a502ec
1,Super_Bowl_50,1,スーパーボウル50でNFCを代表したのはどのチームか？,Carolina Panthers,Carolina Panthers,Carolina Panthers,56be4db0acb8001400a502ed
2,Super_Bowl_50,1,スーパーボウル50はどこで開催されたか？,カリフォルニアのサンタクララ,Levi's Stadium,カリフォルニアのサンタクララにある、サンフランシスコのベイエリアのLevi's Stadium,56be4db0acb8001400a502ee
3,Super_Bowl_50,1,スーパーボウル50で優勝したのはNFLのどのチームか？,Denver Broncos,Denver Broncos,Denver Broncos,56be4db0acb8001400a502ef
4,Super_Bowl_50,1,スーパーボウル50は50周年記念を強調するために使用されたのはどの色か？,黄金,黄金,黄金,56be4db0acb8001400a502f0
5,Super_Bowl_50,1,スーパーボウル50のテーマは何か？,「黄金の記念日」,黄金の記念日,「黄金の記念日」,56be8e613aeaaa14008c90d1
6,Super_Bowl_50,1,試合は何日に行われたか？,2016年2月7日,2016年2月7日,2016年2月7日,56be8e613aeaaa14008c90d2
7,Super_Bowl_50,1,AFCとは何の略か？,アメリカンフットボールカンファレンス,アメリカンフットボールカンファレンス,アメリカンフットボールカンファレンス,56be8e613aeaaa14008c90d3
8,Super_Bowl_50,1,スーパーボウル50のテーマは何か？,「黄金の記念日」,金色,「黄金の記念日」,56bea9923aeaaa14008c91b9
9,Super_Bowl_50,1,AFCとは何の略か？,アメリカンフットボールカンファレンス,アメリカンフットボールカンファレンス,アメリカンフットボールカンファレンス,56bea9923aeaaa14008c91ba
10,Super_Bowl_50,1,スーパーボウル50は何日に開催されたか？,2016年2月7日,2016年2月7日,2月7日,56bea9923aeaaa14008c91bb
11,Super_Bowl_50,1,スーパーボウル50で優勝したのは誰か？,Denver Broncos,Denver Broncos,Denver Broncos,56beace93aeaaa14008c91df
12,Super_Bowl_50,1,スーパーボウル50はどの会場で開催されたか？,Levi's Stadium,Levi's Stadium,カリフォルニアのサンタクララにある、サンフランシスコのベイエリアのLevi's Stadium,56beace93aeaaa14008c91e0
13,Super_Bowl_50,1,スーパーボウル50はどの市で開催されたか？,サンタクララ,サンフランシスコ,サンタクララ,56beace93aeaaa14008c91e1
14,Super_Bowl_50,1,ローマ数字を使用した場合、スーパーボウル50は何と呼ばれるか？,Super Bowl L,Super Bowl L,Super Bowl L,56beace93aeaaa14008c91e2
15,Super_Bowl_50,1,スーパーボウル50はどのシーズンのNFLの優勝チームを決定するものか？,2015,2015年,2015,56beace93aeaaa14008c91e3
16,Super_Bowl_50,1,Denver BroncosがSuper Bowlタイトルを3回防御したのはどの年か？,2015,2016,2015年,56bf10f43aeaaa14008c94fd
17,Super_Bowl_50,1,どの市でスーパーボウル50は開催されたか？,サンタクララ,サンフランシスコ,サンフランシスコ,56bf10f43aeaaa14008c94fe
18,Super_Bowl_50,1,スーパーボウル50が開催されたのはどのスタジアムか？,Levi's Stadium,Levi's Stadium,Levi's Stadium,56bf10f43aeaaa14008c94ff
19,Super_Bowl_50,1,スーパーボウル50の最終スコアは何か？,24-10,24-10,24-1,56bf10f43aeaaa14008c9500
20,Super_Bowl_50,1,何月何日にスーパーボウル50は開催されたか？,2016年2月7日,2016年2月7日,2月7日,56bf10f43aeaaa14008c9501
21,Super_Bowl_50,1,スーパーボウル50は何年か？,2015,2016,2016年,56d20362e7d4791d009025e8
22,Super_Bowl_50,1,AFCのチャンピオンはどのチームか？,Denver Broncos,Denver Broncos,Denver Broncos,56d20362e7d4791d009025e9
23,Super_Bowl_50,1,NFCのチャンピオンはどのチームか？,Carolina Panthers,Carolina Panthers,Carolina Panthers,56d20362e7d4791d009025ea
24,Super_Bowl_50,1,スーパーボウル50で優勝したのは誰か？,Denver Broncos,Denver Broncos,Denver Broncos,56d20362e7d4791d009025eb
25,Super_Bowl_50,1,スーパーボウル50はどのシーズンのNFLの優勝チームを決定するものか？,2015,2015年,2015,56d600e31c85041400946eae
26,Super_Bowl_50,1,スーパーボウル50で優勝したのは誰か？,Denver Broncos,Denver Broncos,Denver Broncos,56d600e31c85041400946eb0
27,Super_Bowl_50,1,スーパーボウル50はどこで開催されたか？,サンタクララ,カリフォルニアのサンタクララにある、サンフランシスコのベイエリアのLevi's Stadium,Levi's Stadium,56d600e31c85041400946eb1
28,Super_Bowl_50,1,NFLの優勝を決める試合の名前は何か？,スーパーボウル50,スーパーボウル50,スーパーボウル50,56d9895ddc89441400fdb50e
29,Super_Bowl_50,1,スーパーボウル50でAFCを代表したのはどのチームか？,Denver Broncos,Denver Broncos,Denver Broncos,56d9895ddc89441400fdb510
30,Warsaw,1,Marie Curieが女性で最初の受賞者となったのは何か？,ノーベル賞,ノーベル賞,ノーベル賞,5733a5f54776f41900660f45
31,Warsaw,1,何年にカジミール・プラスキはワルシャワで生まれたか？,1745年,1745年,1745,5733a5f54776f41900660f48
32,Warsaw,1,ワルシャワで生まれた人のうちもっとも有名な一人は誰か？,Marie Curie,Marie Curie,Marie Curie,5733a5f54776f41900660f44
33,Warsaw,1,フレデリック・ショパンとは誰か？,有名な音楽家,音楽家,有名な音楽家,5733a5f54776f41900660f46
34,Warsaw,1,ショパンは何歳の時に家族とともにワルシャワに引っ越したか？,7ヶ月,7ヶ月,7ヶ月,5733a5f54776f41900660f47
35,Normans,1,ノルマンディはどの国に位置しているか？,フランス,フランス,フランス,56ddde6b9a695914005b9628
36,Normans,1,ノルマン人たちがノルマンディにいたのはいつか？,10世紀と11世紀,10世紀と11世紀,10世紀と11世紀,56ddde6b9a695914005b9629
37,Normans,1,ノース人はどの国からきたのか？,デンマーク、アイスランド、ノルウェー,デンマーク、アイスランド、ノルウェー,デンマーク、アイスランド、ノルウェー,56ddde6b9a695914005b962a
38,Normans,1,ノース人のリーダーは誰か？,ローロ,ローロ,ローロ,56ddde6b9a695914005b962b
39,Normans,1,ノルマン人の明確な文化的及び民族的アイデンティティを初めて獲得したのは何世紀か？,10世紀前半,10世紀前半,10世紀,56ddde6b9a695914005b962c
40,Nikola_Tesla,1,ニコラ・テスラは何年に生まれたか？,1856,1856年,1856年,56df9e2838dc4217001520f6
41,Nikola_Tesla,1,ニコラ・テスラの民族は何か？,セルビア,セルビア系,セルビア系,56df9e2838dc4217001520f8
42,Nikola_Tesla,1,ニコラ・テスラは何年に死んだか？,1943年,1943年,1943年,56df9e2838dc4217001520f9
43,Nikola_Tesla,1,ニコラ・テスラはいつ生まれたか？,1856年,1856年7月10日,1856,56e0b94b7aa994140058e6b7
44,Nikola_Tesla,1,ニコラ・テスラは何年に死んだか？,1943年,1943年,1943年,56e0b94b7aa994140058e6b8
45,Nikola_Tesla,1,ニコラ・テスラの母国はどこか？,セルビア,セルビア,セルビア,56e0b94b7aa994140058e6b9
46,Nikola_Tesla,1,ACとは何の略か？,交流,交流,交流,56e0b94b7aa994140058e6bb
47,Computational_complexity_theory,1,理論計算科学のどの分野が、難易度と関係のクラスによって計算上の問題を大まかに分類するのかを扱うか？,計算複雑性理論,計算複雑性理論,計算複雑性理論,56e16182e3433e1400422e28
48,Computational_complexity_theory,1,計算複雑性理論を用いてどの主な属性を使って計算問題は分類されるか？,固有の難しさ,固有の難しさ,固有の難しさ,56e16182e3433e1400422e29
49,Computational_complexity_theory,1,原則としてコンピュータの解くことのできる問題とは何か？,計算問題,計算問題,計算問題,56e16182e3433e1400422e2a
50,Teacher,1,勉強のコースとは何と呼ばれるか？,カリキュラム,カリキュラム,カリキュラム,56e7477700c9c71400d76f23
51,Teacher,1,教育の科学を表す別の名前は何か？,教育,教育学,教育学,56e7477700c9c71400d76f24
52,Teacher,1,ほとんどの教師はどこから資格を取得するか？,大学やカレッジ,大学やカレッジ,大学やカレッジ,56e7477700c9c71400d76f25
53,Teacher,1,教師は生徒が学習するのを助けるために何を使用することができるか？,授業計画,授業計画,授業計画,56e7477700c9c71400d76f26
54,Teacher,1,教師はどこで教えているのか？,学校もしくはそのほかの公式な教育の場所,学校,学校,56e7477700c9c71400d76f27
55,Martin_Luther,1,マルティン・ルターの国籍は何か？,ドイツ,ドイツ,ドイツ,56f7c651aef2371900625bf5
56,Martin_Luther,1,マルティン・ルターはいつ死んだか？,1546年2月18日,1546年,1546年,56f7c651aef2371900625bf6
57,Martin_Luther,1,ルターはどの組織の教えを拒否したか？,カトリック教会,中世カトリック教会,中世カトリック教会,56f7c651aef2371900625bf7
58,Martin_Luther,1,中世カトリック教会はお金で何を避けることができると主張したか？,神の処罰,罪に対する神の処罰からの自由,神の処罰,56f7c651aef2371900625bf8
59,Martin_Luther,1,ルターが彼の著作の撤回を拒否した時、教会は何をしたか？,破門,破門,破門,56f7c651aef2371900625bf9
60,Southern_California,1,Southern Californiaはしばしば何と略されるか？,SoCal,SoCal,SoCal,5705e26d75f01819005e76d4
61,Southern_California,1,Southern Californiaには、一般的にいくつの郡が含まれているか？,10,10郡,10郡,5705e26d75f01819005e76d5
62,Southern_California,1,カリフォルニアとアメリカ合衆国に対するSouthern Californiaの大きな意義は何か？,経済の中心,主要な経済の中心,経済の中心,5705e26d75f01819005e76d6
63,Southern_California,1,「8つの郡」は何に基づいているか？,人口統計,人口統計,人口統計,5705e26d75f01819005e76d7
64,Southern_California,1,カーンとサンルイスオビスポ郡は何に基づいて追加されているか？,歴史的政治部門,歴史的政治部門,歴史的政治部門,5705e26d75f01819005e76d8
65,Sky_(United_Kingdom),1,Sky TVとBritish Sky Broadcastingの合併により形成されたのはどの企業か？,BSkyB,BSkyB,BSkyB,57092322efce8f15003a7db0
66,Sky_(United_Kingdom),1,イギリス最大のデジタル有料テレビ会社はどれか？,BSkyB,BSkyB,BSkyB,57092322efce8f15003a7db1
67,Sky_(United_Kingdom),1,BSkyBは何年にSky Italiaを買収したか？,2014年,2014,2014,57092322efce8f15003a7db2
68,Sky_(United_Kingdom),1,BSkyBの持株会社の名前は何か？,Sky plc,British Sky Broadcasting Group plc,British Sky Broadcasting Group plc,57092322efce8f15003a7db3
69,Sky_(United_Kingdom),1,BSkyBの英国事業の名称は何か？,Sky UK Limited,Sky UK Limited,Sky UK Limited,57092322efce8f15003a7db4
70,Victoria_(Australia),1,ビクトリア州はどのような種類の経済をもつか？,非常に多様化,多様化,非常に多様化,570d2417fed7b91900d45c3d
71,Victoria_(Australia),1,ビクトリア州の総生産国総生産はオーストラリアで何位にランクされるか？,2位,2位,2位,570d2417fed7b91900d45c3e
72,Victoria_(Australia),1,一人当たりGSPでビクトリア州は何位にランクされているか？,4位,4位,4位,570d2417fed7b91900d45c3f
73,Victoria_(Australia),1,ビクトリア州のどの市がオーストラリアのスポーツの首都と呼ばれているか？,メルボルン,メルボルン,メルボルン,570d2417fed7b91900d45c40
74,Victoria_(Australia),1,オーストラリアの最大のスタジアムは何か？,メルボルンクリケットグラウンド,メルボルンクリケットグラウンド,メルボルンクリケットグラウンド,570d2417fed7b91900d45c41
75,Huguenot,1,フランスのユグノーは主にどこに集まったのか？,フランスの南部及び中部,フランスの南部及び中部,フランスの南部及び中部,57105da9a58dae1900cd699e
76,Huguenot,1,ピーク時のユグノーのカトリック教徒に対する割合はどうだったか？,約8分の1,約8分の1,約8分の1,57105da9a58dae1900cd699f
77,Huguenot,1,宗教戦争はいつ戦ったのか？,1562年から1598年,1562年から1598年,1562年から1598年,57105da9a58dae1900cd69a0
78,Huguenot,1,宗教戦争を終了させたのは何条約か？,ナンテスの勅令,ナンテスの勅令,ナンテスの勅令,57105da9a58dae1900cd69a1
79,Huguenot,1,ナンテスの勅令は何をしたのか？,ユグノーに実質的な宗教的、政治的軍事的自治権を与えた,ユグノーに実質的な宗教的、政治的軍事的自治権を与えた。,実質的な宗教的、政治的軍事的自治権を与えた。,57105da9a58dae1900cd69a2
80,Steam_engine,1,原子力、地熱とともに注目すべき非燃焼熱源は何か？,太陽光,太陽光,太陽光、原子力、地熱,57112686b654c5140001fbd3
81,Steam_engine,1,理想的な熱力学的サイクルは何と呼ばれるか？,ランキンサイクル,ランキン,ランキンサイクル,57112686b654c5140001fbd4
82,Steam_engine,1,ランキンサイクルにおいて加熱されると水は何になるのか？,蒸気,蒸気,蒸気,57112686b654c5140001fbd5
83,Steam_engine,1,ランキンサイクルでは水はどのくらいの圧力で加熱されるか？,高い,高い圧力で,高い圧力,57112686b654c5140001fbd6
84,Steam_engine,1,蒸気機関はどのような種類のエンジンか？,外部燃焼エンジン,外部燃焼エンジン,外部燃焼エンジン,57112686b654c5140001fbd7
85,Oxygen,1,酸素の周期律表での原子番号は何か？,原子番号8,8,8,571a484210f8ca1400304fbd
86,Oxygen,1,2番目に豊富な要素は何か？,ヘリウム,ヘリウム,ヘリウム,571a484210f8ca1400304fbe
87,Oxygen,1,いくつの原子が結合して酸素分子を構成するか？,2つの原子,2つ,2つ,571a484210f8ca1400304fc0
88,Oxygen,1,どのくらいの酸素が地球の地殻を構成しているか？,ほぼ半分,ほぼ半分,半分,571a484210f8ca1400304fc1
89,Oxygen,1,地球の大気の20.80%を構成しているのはどの気体か？,酸素分子ガス,酸素分子,酸素分子ガス,571a484210f8ca1400304fbf
90,Oxygen,1,酸素分子は地球の大気のどのくらいの割合を占めるか？,20.80%,20.80%,20.80%,571bb2269499d21900609ca9
91,Oxygen,1,地球の地殻の質量のほぼ半分を閉める元素は何か？,酸素,酸素,酸化化合物,571bb2269499d21900609caa
92,Oxygen,1,酸素の原子番号は何か？,8,8,8,571bb2269499d21900609cab
93,Oxygen,1,待機中の酸素レベルは上がっているか、下がっているか、ほぼ同じか？,世界規模で下がっている,下がっている,下がっている,571bb2269499d21900609cad
94,Oxygen,1,宇宙空間でもっとも豊富な3つの元素は何か？,酸素は水素とヘリウムに次いで宇宙空間で3番目に豊富な元素である。,酸素は水素とヘリウムに次いで宇宙空間で3番目に豊富な元素である。,酸素は水素とヘリウムに次いで宇宙空間で3番目に豊富な元素である。,571bb2269499d21900609cac
95,Oxygen,1,酸素の原子番号は何か？,8,8,8,571c3a685efbb31900334db2
96,Oxygen,1,酸素は周期表のどのグループの一員か？,カルコゲン基,カルコゲン基,カルコゲン,571c3a685efbb31900334db3
97,Oxygen,1,酸素がもっとも一般的に形成するのはどのタイプの化合物か？,酸化物,酸化物,酸化物,571c3a685efbb31900334db4
98,Oxygen,1,他の元素と比べると、酸素は何番目か？,3番目,3番目,3番目,571c3a685efbb31900334db5
99,Oxygen,1,一般的な状況下において2つの酸素原子は何を構成するか？,酸素分子,酸素分子,酸素分子,571c3a685efbb31900334db6
100,1973_oil_crisis,1,1973年の石油危機はいつ始まったか？,1973年10月,1973年10月,1973年10月,5725b33f6a3fe71400b8952d
101,1973_oil_crisis,1,1974年3月の石油価格はどうだったか？,12ドル近く,12ドル,12ドル,5725b33f6a3fe71400b8952e
102,1973_oil_crisis,1,第2次石油危機はいつか？,1979年,1979年,1979,5725b33f6a3fe71400b8952f
103,1973_oil_crisis,1,石油危機を表すために使われた別の用語は何か？,第一次石油危機,ショック,石油危機,5725b33f6a3fe71400b89530
104,1973_oil_crisis,1,石油の禁輸を宣言したのは誰か？,アラブ石油輸出国機構（OAPEC、OPECとアラブ諸国とエジプト、シリア）,アラブ石油輸出国機構,OAPEC、OPECとアラブ諸国とエジプト、シリア,5725b33f6a3fe71400b89531
105,Apollo_program,1,最初にアメリカ人を宇宙に送ったプログラムは何か？,Project Mercury,宇宙船,Project Mercury,5725b41838643c19005acb7f
106,Apollo_program,1,米国人宇宙飛行計画を実行したプログムは何か？,Project Apolloとしても知られているアポロ計画,Project Apollo,アポロ計画,5725b41838643c19005acb80
107,Apollo_program,1,アポロの最初の有人飛行は何年に起こったか？,1968,1969,1962,5725b41838643c19005acb81
108,Apollo_program,1,最初にアメリカ人を宇宙空間に入れると構想したのはどの大統領か？,ドワイト・D・アイゼンハワー,ジョン・F・ケネディ,ジョン・F・ケネディ,5725b41838643c19005acb82
109,Apollo_program,1,プロジェクトマーキュリーに続くプロジェクトには何人いたか？,2,2人,2人,5725b41838643c19005acb83
110,European_Union_law,1,EU法の3つの原則は何か？,第一次法、第二次法および補則法,第一次法、第二次法および補則法,第一次法、第二次法および補則法,5725b7f389a1e219009abd5c
111,European_Union_law,1,EU法とは何か？,規則および指令などの条約および法律の体系,欧州連合（EU）加盟国の法律に直接的または間接的な影響を及ぼす規則および指令などの条約および法律の体系,条約および法律の体系,5725b7f389a1e219009abd5d
112,European_Union_law,1,第一次法の主な柱は何か？,欧州連合の設立をする条約,欧州連合の設立をする条約,欧州連合の設立をする条約,5725b7f389a1e219009abd5e
113,European_Union_law,1,第二次法は何を含んでいるか？,条約に基づいた規則及び指令,条約に基づいた規則及び指令,条約に基づいた規則及び指令,5725b7f389a1e219009abd5f
114,European_Union_law,1,欧州連合議会を構成する2つの組織は何か？,欧州議会と欧州連合評議会,欧州議会と欧州連合評議会,欧州議会と欧州連合評議,5725b7f389a1e219009abd60
115,European_Union_law,1,EU法とは何か？,規則および指令などの条約および法律の体系,欧州連合（EU）加盟国の法律に直接的または間接的な影響を及ぼす規則および指令などの条約および法律の体系,条約および法律の体系,5725c28a271a42140099d14d
116,European_Union_law,1,EU法は加盟国の法律にどのような影響を及ぼすか？,加盟国の法律に直接的または間接的な影響を及ぼす,直接的または間接的な影響,直接的または間接的,5725c28a271a42140099d14e
117,European_Union_law,1,EU法の3つの原則は何か？,第一次法、第二次法および補則法,第一次法、第二次法および補則法,第一次法、第二次法および補則法,5725c28a271a42140099d14f
118,European_Union_law,1,欧州連合の主要な立法機関は何か？,欧州議会と欧州連合評議会,欧州議会と欧州連合評議会,欧州議会と欧州連合評議,5725c28a271a42140099d150
119,European_Union_law,1,EU法の3つの原則は何であるか？,第一次法、第二次法および補則法,第一次法、第二次法および補則法,第一次法、第二次法および補則法,57268b43dd62a815002e88f0
120,European_Union_law,1,第一次法の主な柱は何か？,欧州連合の設立をする条約,欧州連合の設立をする条約,欧州連合の設立をする条約,57268b43dd62a815002e88f1
121,European_Union_law,1,欧州連合の主要な立法機関は何か？,欧州議会と欧州連合評議会,欧州議会と欧州連合評議会,欧州議会と欧州連合評議,57268b43dd62a815002e88f2
122,European_Union_law,1,EU法にはいくつの原則があるか？,3つ,3つ,3つ,57268b43dd62a815002e88f3
123,Amazon_rainforest,1,アマゾンの熱帯雨林を英語で何と表現するか？,AmazoniaまたはAmazon Jungle,Amazon Jungle,Amazonia,5725b81b271a42140099d097
124,Amazon_rainforest,1,流域には何平方キロメートルの熱帯雨林があるか？,"5,500,000平方キロメートル（2,100,000平方マイル）","5,500,000","5,500,000平方キロメートル",5725b81b271a42140099d098
125,Amazon_rainforest,1,この地域をいくつの国が統制しているか？,9,9つ,9つ,5725b81b271a42140099d099
126,Amazon_rainforest,1,いくつの国の名前に「Amazonas」が含まれているか？,4,4か国,4か国の州または部門,5725b81b271a42140099d09a
127,Amazon_rainforest,1,アマゾンは地球上の熱帯雨林のどのくらいを占めているか？,半分以上,半分以上,半分以上,5725b81b271a42140099d09b
128,Amazon_rainforest,1,アマゾン熱帯雨林を表すオランダ語は何か？,Amazoneregenwoud,Amazoneregenwoud,Amazoneregenwoud,5728349dff5b5019007d9efe
129,Amazon_rainforest,1,南アメリカのアマゾン流域の大部分を占めるのは何の熱帯雨林か？,アマゾン熱帯雨林,アマゾン熱帯雨林,アマゾン,5728349dff5b5019007d9eff
130,Amazon_rainforest,1,どの国でアマゾンの熱帯雨林はもっとも見つかるか？,ブラジル,ブラジル,ブラジル,5728349dff5b5019007d9f00
131,Amazon_rainforest,1,アマゾンは地球上の熱帯雨林のどのくらいを占めているか？,半分以上,半分以上,半分以上,5728349dff5b5019007d9f01
132,Amazon_rainforest,1,アマゾンの熱帯雨林で何種類の木が発見されうるか？,"16,000種","16,000種","16,000",5728349dff5b5019007d9f02
133,Amazon_rainforest,1,アマゾンの熱帯雨林はどの種類の森林か？,湿った広葉樹林,湿った広葉樹林,熱帯,5729e2316aef0514001550c4
134,Amazon_rainforest,1,アマゾン川流域は何平方キロメートルか？,"7,000,000平方キロメートル（2,700,000平方マイル）","7,000,000","7,000,000平方キロメートル",5729e2316aef0514001550c5
135,Amazon_rainforest,1,アマゾン川流域にはいくつの国が含まれるか？,9つの国,9つ,9つ,5729e2316aef0514001550c6
136,Amazon_rainforest,1,どの国がアマゾンの熱帯雨林の在部分を占めるか？,ブラジル,ブラジル,ブラジル,5729e2316aef0514001550c7
137,Amazon_rainforest,1,アマゾンの熱帯雨林で何種類の木が発見されうるか？,"16,000種","16,000種","16,000",5729e2316aef0514001550c8
138,Ctenophora,1,有櫛動物は一般的に何として知られているか？,櫛ゼリー,櫛ゼリー,櫛ゼリー,5725b9db38643c19005acbe1
139,Ctenophora,1,有櫛動物はどこに住んでいるか？,世界中の海域,世界中の海域,海域,5725b9db38643c19005acbe2
140,Ctenophora,1,成体の有櫛動物のどんなサイズか？,数ミリメートルから1.5メートル,数ミリメートルから1.5メートル（4フィート11インチ）,数ミリメートルから1.5メートル,5725b9db38643c19005acbe3
141,Ctenophora,1,有櫛動物とは何か？,世界中の海域に住む動物の分類群,動物の分類群,櫛ゼリー,5725c0f289a1e219009abdf2
142,Ctenophora,1,有櫛動物が泳ぐために使っているのは何か？,繊毛のまとまりである「櫛」,繊毛,繊毛,5725c0f289a1e219009abdf3
143,Ctenophora,1,消化と呼吸の両方のために有櫛動物が使っているのは何か？,体腔を通る水の流れ,水の流れ,体腔を通る水の流れ,5725c0f289a1e219009abdf4
144,Ctenophora,1,有櫛動物は成長するとどのくらいの大きさになることができるか？,1.5メートル（4フィート11インチ）,数ミリメートルから1.5メートル（4フィート11インチ）,数ミリメートルから1.5メートル,5725c0f289a1e219009abdf5
145,Ctenophora,1,有櫛動物の最も特徴的な機能は何か？,繊毛のまとまりである「櫛」,櫛,「櫛」,5725c0f289a1e219009abdf6
146,Ctenophora,1,有櫛動物は一般的に何として知られているか？,櫛ゼリー,櫛ゼリー,櫛ゼリー,57263eaa38643c19005ad371
147,Ctenophora,1,有櫛動物は成長するとどのくらいの大きさになることができるか？,1.5メートル（4フィート11インチ）,1.5メートル（4フィート11インチ）,数ミリメートルから1.5メートル,57263eaa38643c19005ad372
148,Ctenophora,1,有櫛動物が消化と呼吸の両方のために何に依存しているか？,体腔を通る水の流れ,体腔を通る水の流れ,体腔を通る水の流れ,57263eaa38643c19005ad373
149,Ctenophora,1,有櫛動物はギリシャ語で何を意味しているか？,κτείςのkteis「櫛」とφέρωpherō「キャリー」,κτείςのkteis「櫛」とφέρωpherō「キャリー」,κτείςのkteis「櫛」とφέρωpherō「キャリー」,57263eaa38643c19005ad374
150,Ctenophora,1,有櫛動物はどこに生息しているか？,海域,世界中の海域,海域,57263eaa38643c19005ad375
151,"Fresno,_California",1,カリフォルニア州で5番目の都市はどの都市か？,Fresno,Fresno,Fresno,5725ce4d38643c19005acd4d
152,"Fresno,_California",1,Fresnoはロサンゼルスからどのくらい遠いか？,200マイル,200マイル（350キロ）,200マイル（350キロ）,5725ce4d38643c19005acd4e
153,"Fresno,_California",1,Fresnoという名前はスペイン語で何を意味しているか？,灰の木,灰の木,灰の木,5725ce4d38643c19005acd4f
154,"Fresno,_California",1,Fresnoの市の旗に掲載されているのは何か？,灰の木の葉,灰の木の葉,木の葉,5725ce4d38643c19005acd50
155,"Fresno,_California",1,Fresnoはどう発音するか？,（/frɛznoʊ/ FREZ-noh）,FREZ-noh,FREZ-noh,5725ce4d38643c19005acd51
156,Packet_switching,1,Paul Baranが発明したのは何か？,Distributed Adaptive Block Switching,Distributed Adaptive Block Switchingの概念,Distributed Adaptive Block Switching,5725d34089a1e219009abf50
157,Packet_switching,1,Distributed Adaptive Block Switchingは何をしたのか？,電気通信メッセージのfault-tolerantで効率的なルーティング方法を供給する,電気通信メッセージのfault-tolerantで効率的なルーティング方法を供給する,電気通信メッセージのfault-tolerantで効率的なルーティング方法,5725d34089a1e219009abf51
158,Packet_switching,1,この概念は何と矛盾したか？,ネットワーク帯域幅の事前割り振りのこれまでに確立された原理と相反し矛盾した,Bell Systemにおける電気通信の発展によって主に強化された、ネットワーク帯域幅の事前割り振りのこれまでに確立された原理,ネットワーク帯域幅の事前割り振りのこれまでに確立された原理,5725d34089a1e219009abf52
159,Packet_switching,1,Donald Daviesは何を信じているのか？,10年後のヨーロッパにおける多数のパケット交換ネットワークを信じている。,modern name packet switchingと、米国の初期ARPANETにおけるコンセプトの導入を含む、10年後のヨーロッパにおける多数のパケット交換ネットワーク,modern name packet switchingと、米国の初期ARPANETにおけるコンセプトの導入を含む、10年後のヨーロッパにおける多数のパケット交換ネットワーク,5725d34089a1e219009abf53
160,Packet_switching,1,1950年代後半にPaul Baranが発明したのは何か？,Distributed Adaptive Block Switchingの概念,Distributed Adaptive Block Switchingの概念,Distributed Adaptive Block Switching,572632ceec44d21400f3dc2f
161,Packet_switching,1,そのシステムの目的は何か？,電気通信メッセージのfault-tolerantで効率的なルーティング方法を供給するという目的,電気通信メッセージのfault-tolerantで効率的なルーティング方法を供給する,電気通信メッセージのfault-tolerantで効率的なルーティング方法を供給する,572632ceec44d21400f3dc30
162,Packet_switching,1,このシステムのmodern nameを信じているのは誰か？,Daviesは、modern name packet switchingと、米国の初期ARPANETにおけるコンセプトの導入を含む、10年後のヨーロッパにおける多数のパケット交換ネットワークを信じている。,Donald Davies,Davies,572632ceec44d21400f3dc31
163,Black_Death,1,黒死病の起源はどこか？,中央アジアの乾燥平原,中央アジア,中央アジア,57264684708984140094c123
164,Black_Death,1,黒死病はどうやって地中海とヨーロッパに運ばれたか？,商業船,商業船,シルクロード,57264684708984140094c124
165,Black_Death,1,ヨーロッパ人口のどのくらいが黒死病に殺されたか？,ヨーロッパの全人口の30から60%,ヨーロッパの全人口の30から60%,30から60%,57264684708984140094c125
166,Black_Death,1,世界人口の水準が黒死病から最終的に回復したのはいつか？,17世紀,17世紀,17世紀,57264684708984140094c126
167,Black_Death,1,その疫病はどのくらいの間留まったのか？,19世紀まで,19世紀まで,19世紀,57264684708984140094c127
168,Geology,1,火成岩は何から結晶化するか？,マグマまたは溶岩,溶融物,溶融物（マグマまたは溶岩）,572657d9dd62a815002e8230
169,Geology,1,堆積岩はどの3種類の岩石になるか？,変成岩,変成岩,変成岩,572657d9dd62a815002e8231
170,Geology,1,3つのタイプの岩石は再溶融されるとき、何が形成されるか？,新たなマグマ,火成岩,新たなマグマ,572657d9dd62a815002e8232
171,Geology,1,3種類の主要な岩石とは何か？,火成岩、堆積岩、変成岩,火成岩、堆積岩、変成岩,火成岩、堆積岩、変成岩の3種類,572657d9dd62a815002e8233
172,Geology,1,岩石のミネラル含有量を変化させるのは何か？,熱と圧力,熱と圧力,熱と圧力,572657d9dd62a815002e8234
173,Newcastle_upon_Tyne,1,NewcastleはEdinburghの南に何マイルにあるか？,103,103マイル,103マイル,5726642f5951b619008f7157
174,Newcastle_upon_Tyne,1,Newcastleは北海の北に何マイルにあるか？,8.5,8.5マイル,8.5マイル,5726642f5951b619008f7158
175,Newcastle_upon_Tyne,1,Newcastleがメンバーとなっているのは何のネットワークか？,Eurocities network,Eurocities network,English Core Cities Group,5726642f5951b619008f7159
176,Newcastle_upon_Tyne,1,1400年までNewcastleはどの郡の一部だったか？,Northumberland,Northumberland,Northumberland郡,5726642f5951b619008f715a
177,Newcastle_upon_Tyne,1,Newcastleとその周辺地域の地域的なニックネームは何か？,Geordie,Geordie,Geordie,5726642f5951b619008f715b
178,Victoria_and_Albert_Museum,1,ヴィクトリア・アンド・アルバート博物館はどこに位置しているか？,V&AはKensington and Chelsea王族行政区にあるBrompton地区に位置,ロンドン,Kensington and Chelsea王族行政区にあるBrompton地区,5726710b708984140094c61d
179,Victoria_and_Albert_Museum,1,何点の永久保存のコレクションが保有されているか？,"4,500,000以上の永久保存のコレクション","4,500,000以上","4,500,000以上",5726710b708984140094c61e
180,Victoria_and_Albert_Museum,1,ヴィクトリア・アンド・アルバート博物館はいつ創設されたか？,それは1852年に創設され,1852,1852,5726710b708984140094c61f
181,Victoria_and_Albert_Museum,1,その美術館の名前が由来するのは誰か？,ヴィクトリア女王とアルバート王子,ヴィクトリア女王とアルバート王子に由来している,ヴィクトリア女王,5726710b708984140094c620
182,Victoria_and_Albert_Museum,1,どの地区にヴィクトリア・アンド・アルバート博物館は位置しているか？,Kensington and Chelsea王族行政区にあるBrompton地区,Kensington and Chelsea王族行政区,Brompton地区,572680ac708984140094c83d
183,Victoria_and_Albert_Museum,1,ヴィクトリア・アンド・アルバート博物館が創建されたのは何年か？,1852,1852,1852,572680ac708984140094c83e
184,Victoria_and_Albert_Museum,1,ヴィクトリア・アンド・アルバート博物館の名前が由来するのはどの君主か？,ヴィクトリア女王とアルバート王子に由来している,ヴィクトリア女王とアルバート王子に由来している,ヴィクトリア女王とアルバート王子,572680ac708984140094c83f
185,Victoria_and_Albert_Museum,1,ヴィクトリア・アンド・アルバート博物館を後援するのはどの省庁か？,デジタル・文化・メディア・スポーツ省,デジタル・文化・メディア・スポーツ省,デジタル・文化・メディア・スポーツ省,572680ac708984140094c840
186,Victoria_and_Albert_Museum,1,その美術館が入館を無料にしたのは何年か？,2001,2001,2001,572680ac708984140094c841
187,American_Broadcasting_Company,1,アメリカン・ブロードキャスティング・カンパニーを所有するのはどの会社か？,ウォルト・ディズニー・カンパニー,ディズニーABCテレビジョングループ,ディズニーABCテレビジョングループ,57267b755951b619008f7433
188,American_Broadcasting_Company,1,アメリカン・ブロードキャスティング・カンパニーがロゴをabcというスタイルにしたのは何年か？,1957,1957,1957,57267b755951b619008f7434
189,American_Broadcasting_Company,1,アメリカン・ブロードキャスティング・カンパニーはニューヨーク市のどの地区に本社があるか？,マンハッタン,マンハッタン,マンハッタン,57267b755951b619008f7435
190,American_Broadcasting_Company,1,アメリカン・ブロードキャスティング・カンパニーの本社はどの通りに位置しているか？,Columbus Avenue and West 66th Street,Columbus Avenue and West 66th Street,Columbus Avenue and West 66th Street,57267b755951b619008f7436
191,American_Broadcasting_Company,1,ディズニーABCテレビジョングループはウォルト・ディズニー・カンパニーのどの部門の子会社か？,メディア・ネットワーク,メディア・ネットワーク,メディア・ネットワーク,57267b755951b619008f7437
192,Genghis_Khan,1,ジンギスカンが創設した帝国は何と呼ばれるか？,モンゴル帝国,モンゴル帝国,モンゴル帝国,57269e8a5951b619008f77f5
193,Genghis_Khan,1,ユーラシアの残りを征服し始める前にジンギスカンが結集したのは誰か？,北東アジアの遊牧民の多く,北東アジアの遊牧民,北東アジアの遊牧民の多く,57269e8a5951b619008f77f6
194,Genghis_Khan,1,特にどの地域で民間人の大量虐殺を行ったか？,KhwarezmianとXiaの征服地域,KhwarezmianとXiaの征服地域,"Qara Khitai, Caucasus, Khwarezmid Empire, Western Xia, Jin王朝",57269e8a5951b619008f77f7
195,Genghis_Khan,1,生涯の終わりまでジンギスカンが占領していたのはどの地域か？,中央アジア及び中国,中央アジア及び中国のかなりの部分,中央アジア及び中国のかなりの部分,57269e8a5951b619008f77f8
196,Genghis_Khan,1,ジンギスカンは他のどの帝国や王朝を征服したか？,"Qara Khitai, Caucasus, Khwarezmid Empire, Western Xia, Jin王朝","Qara Khitai, Caucasus, Khwarezmid Empire, Western Xia, Jin王朝","Qara Khitai, Caucasus, Khwarezmid Empire, Western Xia, Jin王朝",57269e8a5951b619008f77f9
197,Pharmacy,1,薬局という言葉はどの言葉に由来しているか？,pharmaという単語に由来している,pharma,pharma,5726d8bd708984140094d35b
198,Pharmacy,1,pharmaで販売されていたのはどんな商品か？,タバコおよび特許医薬品,タバコおよび特許医薬品,タバコおよび特許医薬品,5726d8bd708984140094d35c
199,Pharmacy,1,ギリシャ語の語源は何を暗示しているか？,魔術や毒薬,魔術や毒薬,魔術,5726d8bd708984140094d35d
200,Pharmacy,1,現代の英語話者はapothecaryという単語をどう捉えるか？,時代遅れか、薬草的療法が大いに提供される場合にのみ適切である,時代遅れ,時代遅れ,5726d8bd708984140094d35e
201,Pharmacy,1,pharmasにより使われたのはその他に何か？,リスト化されていないその他多くの薬草,その他多くの薬草,リスト化されていないその他多くの薬草,5726d8bd708984140094d35f
202,Immune_system,1,免疫系とは何か？,病気から守る生体内の多くの生物学的構造およびプロセスの系,病気から守る生体内の多くの生物学的構造およびプロセスの系,病気から守る生体内の多くの生物学的構造およびプロセスの系,5726e65e708984140094d53d
203,Immune_system,1,免疫系とは何を防御しているか？,ウイルスから寄生虫への病原体として知られている多種多様な動作主体,病気,病気,5726e65e708984140094d53e
204,Immune_system,1,その下位組織のうちの2つは何か？,自然免疫系対適応免疫系、または体液性免疫対細胞性免疫,自然免疫系対適応免疫系、または体液性免疫対細胞性免疫,自然免疫系対適応免疫系、または体液性免疫対細胞性免疫,5726e65e708984140094d53f
205,Immune_system,1,ヒトの脳を保護する部分系は何か？,神経免疫系,神経免疫系,神経免疫系,5726e65e708984140094d540
206,Immune_system,1,免疫系とは何か？,病気から守る生体内の多くの生物学的構造およびプロセス,病気から守る生体内の多くの生物学的構造およびプロセスの系,病気から守る生体内の多くの生物学的構造およびプロセスの系,5726eb76f1498d1400e8efda
207,Immune_system,1,免疫系とは何を防御しているか？,ウイルスから寄生虫への病原体,病気,病気,5726eb76f1498d1400e8efdb
208,Immune_system,1,その下位組織は何か？,体液性免疫対細胞性免疫,自然免疫系対適応免疫系、または体液性免疫対細胞性免疫,自然免疫系対適応免疫系、または体液性免疫対細胞性免疫,5726eb76f1498d1400e8efdc
209,Immune_system,1,免疫系は生体を何から守っているか？,病気,病気,病気,5728eff82ca10214002daadc
210,Immune_system,1,免疫系が検出する動作主体は何として知られているか？,寄生虫への病原体,病原体,病原体,5728eff82ca10214002daadd
211,Immune_system,1,免疫系のどの部分が脳を保護しているか？,神経免疫系,神経免疫,神経免疫,5728eff82ca10214002daade
212,Immune_system,1,末梢免疫系と脳を保護する神経免疫系を分離するのは何か？,血液脳関門、血液脳脊髄液関門および同様の液脳関門,血液脳関門、血液脳脊髄液関門および同様の液脳関門,血液脳関門、血液脳脊髄液関門および同様の液脳関門,5728eff82ca10214002daadf
213,Immune_system,1,免疫系により検出される動作主体は何と呼ばれるか？,寄生虫への病原体,病原体,病原体,572a14af3f37b319004786c1
214,Immune_system,1,免疫系の主要な2つの下位組織は何か？,自然免疫系対適応免疫系、または体液性免疫対細胞性免疫,自然免疫系対適応免疫系、または体液性免疫対細胞性免疫,自然免疫系対適応免疫系、または体液性免疫対細胞性免疫,572a14af3f37b319004786c3
215,Immune_system,1,2種類の免疫力は何か？,自然免疫系対適応免疫系、または体液性免疫対細胞性免疫,自然免疫系対適応免疫系、または体液性免疫対細胞性免疫,自然免疫系対適応免疫系、または体液性免疫対細胞性免疫,572a14af3f37b319004786c2
216,Immune_system,1,脳の免疫系は何として知られているか？,脳を保護する神経免疫系,神経免疫,神経免疫系,572a14af3f37b319004786c4
217,Civil_disobedience,1,不公平な法であると人々が判断したものに対して社会の人々が反乱するときそれは何と呼ばれるか？,不服従,民間の不服従,民間の不服従,57271c235951b619008f860b
218,Civil_disobedience,1,南アフリカの主要な民間の不服従の例は何か？,アパルトヘイト,アパルトヘイト,アパルトヘイトとの戦い,57271c235951b619008f860c
219,Civil_disobedience,1,バルト諸国がソビエト連邦から独立した動きは何と呼ばれるか？,歌唱革命,歌唱革命,歌唱革命,57271c235951b619008f860d
220,Civil_disobedience,1,2004年のオレンジ革命はどの国で発生したか？,ウクライナ,ウクライナ,ウクライナ,57271c235951b619008f860e
221,Civil_disobedience,1,2003年のローズ革命の場所はどこか？,ジョージア州,ジョージア州,ジョージア州,57271c235951b619008f860f
222,Civil_disobedience,1,民間の不服従の最初の例の一つをもたらしたのはどの人々か？,エジプト人,エジプト人,エジプト人,5728d4c03acd2414000dff9f
223,Civil_disobedience,1,民間の服従の最初の例は誰に反対するものであったか？,英国,英国,英国の占領に反対するエジプト人により、1919年の革命においてもたらされた,5728d4c03acd2414000dffa0
224,Civil_disobedience,1,なぜ人々は抵抗するために民間の不服従を選択するのか？,非暴力抵抗,不公平な法であると人々が判断した,非暴力抵抗運動,5728d4c03acd2414000dffa1
225,Civil_disobedience,1,民間の不服従は何に対して抵抗するのか？,不公平な法,不公平な法,不公平な法であると人々が判断したもの,5728d4c03acd2414000dffa2
226,Civil_disobedience,1,アメリカで民間の不服従として知られるのはどの公民権運動か？,アメリカの公民権運動,アメリカの公民権運動,公民権運動,5728d4c03acd2414000dffa3
227,Construction,1,建物やインフラを建造する過程は何か？,建設,建設,建設,57273a465951b619008f86ff
228,Construction,1,典型的には指定された購入者のない類似の品目の大量生産を含むのは何か？,製造,製造,製造,57273a465951b619008f8700
229,Construction,1,建設は国内総生産の何%を構成するか？,6から9%,6から9%,6から9%,57273a465951b619008f8701
230,Construction,1,建設のために必要な3つのものは何か？,計画、設計、資金調達,計画、設計、資金調達,計画、設計、資金調達,57273a465951b619008f8702
231,Construction,1,建築は誰のための場所で構築されるか？,既知のクライアント,クライアント,既知のクライアント,57273a465951b619008f8703
232,Private_school,1,私立学校は民間の学校とともに何と呼ばれるか？,独立学校,独立学校,独立学校,572746addd62a815002e9a5e
233,Private_school,1,スポーツとアートの他にどんな種類の奨学金があるか？,学問,学問,学問,572746addd62a815002e9a5f
234,Private_school,1,強制課税ではなく、私立学校が大きく資金を提供されているのは何か？,授業料,授業料,学生の授業料を請求する,572746addd62a815002e9a60
235,Private_school,1,公立学校が持たない私立学校の権利は何か？,学生を選択する権利,学生を選択する権利,学生を選択する,572746addd62a815002e9a61
236,Harvard_University,1,その学校の名前は誰に由来するか？,John Harvard,John Harvard,John Harvard,5727aa413acd2414000de921
237,Harvard_University,1,学部のプログラムはいつ共学になったか？,1977,1977,1977,5727aa413acd2414000de922
238,Harvard_University,1,大恐慌と第二次世界大戦を通してハーバードの主導者の名前は何か？,James Bryant Conant,James Bryant Conant,James Bryant Conant,5727aa413acd2414000de923
239,Harvard_University,1,1900年にハーバードが創設した組織は何か？,Association of American Universities,Association of American Universities,Association of American Universities,5727aa413acd2414000de924
240,Harvard_University,1,その大学を近代的な研究大学に変えたのはどの大統領か？,Charles W. Eliot,Charles W. Eliot,Charles W. Eliot,5727aa413acd2414000de925
241,"Jacksonville,_Florida",1,人口ではフロリダ州において最大の都市はどこか？,Jacksonville,Jacksonville,Jacksonville,5727c94bff5b5019007d954a
242,"Jacksonville,_Florida",1,Jacksonvilleの2010年における人口は何人か？,"1,345,596","1,345,596","1,345,596",5727c94bff5b5019007d954b
243,"Jacksonville,_Florida",1,Jacksonvilleは米国で何番目に人口が多い都市か？,12番目,12番目,12,5727c94bff5b5019007d954c
244,"Jacksonville,_Florida",1,Jacksonvilleが位置しているのはどの郡か？,Duval,Duval郡,Duval郡,5727c94bff5b5019007d954d
245,"Jacksonville,_Florida",1,Jacksonvilleの市政府が統合したのは何年か？,1869年,1869年,1869,5727c94bff5b5019007d954e
246,Economic_inequality,1,人口の1%は世界の資産の何%を所有していたか？,40%,40%,40%,5727e6cbff5b5019007d97ee
247,Economic_inequality,1,Oxfamの報告によると、世界の富裕層85人は世界人口のどれだけを合わせたのと等しい富を持つか？,世界人口の下位50% 、つまり約35億人,世界人口の下位50%,50%,5727e6cbff5b5019007d97ef
248,Economic_inequality,1,上位1%となるために、人はどの程度資産を保有する必要があるか？,"759,900ドル","759,900ドル","759,900ドル",5727e6cbff5b5019007d97f0
249,Economic_inequality,1,Oxfamの主張に対して、何に基づいて疑問が呈されたか？,使用された方法論,使用された方法論,「馬鹿げた議論」,5727e6cbff5b5019007d97f1
250,Economic_inequality,1,Oxfamの報告書はなぜ疑問のある結果とされたか？,使用された方法論,馬鹿げた議論,アメリカや西ヨーロッパには中国よりも貧しい人々が多い,5727e6cbff5b5019007d97f2
251,Economic_inequality,1,2000年には人口のたった1%が世界の資産の何%を所有していたか？,40%,40%,40%,5729d36b1d04691400779607
252,Economic_inequality,1,世界で最も富裕な3人は何を最低48か国を合わせたものより多く保有しているか？,最低48カ国を合わせたものよりも多くの金融資産,金融資産,最低48カ国を合わせたものよりも多くの金融資産,5729d36b1d04691400779608
253,Economic_inequality,1,2008年に「1000万ドルの億万長者」の富を合わせたものはいくらであったか？,ほぼ41兆ドル,ほぼ41兆ドル,41兆ドル,5729d36b1d04691400779609
254,Economic_inequality,1,2016年までに富裕層1%は世界の富のどのくらいを所有すると報告されたか？,世界の富の半分以上,半分以上,2016年までに世界の富の半分以上を所有する,5729d36b1d0469140077960a
255,Economic_inequality,1,なぜアメリカや西ヨーロッパには中国よりも貧しい人々が多いのか？,債務を負担する傾向が強いため,債務を負担する傾向が強いため,純財産（資産を積み重ね、債務を減じる）に基づいてアメリカや西ヨーロッパには中国よりも貧しい人々が多い （債務を負担する傾向が強いため）,5729d36b1d0469140077960b
256,Doctor_Who,1,Doctor Whoを制作したのは誰か？,BBC,BBC,BBC,5727efabff5b5019007d98e2
257,Doctor_Who,1,Doctor Whoが初めてテレビで放映されたのはいつか？,1963,1963年,1963年,5727efabff5b5019007d98e3
258,Doctor_Who,1,Doctor Whoの宇宙船は何と呼ばれるか？,TARDIS,TARDIS,TARDIS,5727efabff5b5019007d98e4
259,Doctor_Who,1,TARDISはどのような外装であったか？,青い英国の交番,英国の交番,青い英国の交番,5727efabff5b5019007d98e5
260,Doctor_Who,1,Doctor Whoはどのようなジャンルのテレビ番組であったか？,SF (science fiction）,science fiction,SF,5727efabff5b5019007d98e6
261,University_of_Chicago,1,シカゴ大学はどんな大学か？,私立研究大学,私立研究大学,シカゴにある私立研究大学,57283c464b864d19001647c8
262,University_of_Chicago,1,シカゴ大学はいつ設立されたか？,1890年,1890,1890,57283c464b864d19001647c9
263,University_of_Chicago,1,シカ大学にはいくつの職業学校があるか？,7つの職業学校,7つ,7つ,57283c464b864d19001647ca
264,University_of_Chicago,1,シカゴ大学はいくつの学術研究部門を持つか？,4つ,4つ,4つ,57283c464b864d19001647cb
265,University_of_Chicago,1,シカゴ大学は全体で何人の学生が入学しているか？,"約5,000人","約15,000人","5,000",57283c464b864d19001647cc
266,Yuan_dynasty,1,the Yuan dynastyの中国語の名前は何か？,Yuán Cháo,Yuán Cháo,元朝,57285ed5ff5b5019007da1b6
267,Yuan_dynasty,1,the Yuan dynastyの正式名称は何か？,the Great Yuan,the Great Yuan,the Great Yuan,57285ed5ff5b5019007da1b7
268,Yuan_dynasty,1,the Yuan dynastyを設立したのは誰か？,Kublai Khan,Kublai Khan,Kublai Khan,57285ed5ff5b5019007da1b8
269,Yuan_dynasty,1,モンゴルのBorjigin族のリーダーは誰か？,Kublai Khan,Kublai Khan,Kublai Khan,57285ed5ff5b5019007da1b9
270,Yuan_dynasty,1,Kublai Khanが正式に中国の伝統的な形式で王朝を宣言したのはいつか？,1271,1271,1271,57285ed5ff5b5019007da1ba
271,Kenya,1,ケニアはどこに位置しているか？,アフリカ,アフリカ,アフリカ,5728dab94b864d1900164f96
272,Kenya,1,ケニアは何の創設メンバーか？,the East African Community (EAC),East African Community,EAC,5728dab94b864d1900164f97
273,Kenya,1,ケニアの首都はどこか？,ナイロビ,ナイロビ,ナイロビ,5728dab94b864d1900164f98
274,Kenya,1,ケニアが南に面しているのはどこか？,タンザニア,タンザニア,タンザニア,5728dab94b864d1900164f99
275,Kenya,1,2014年6月時点でどのくらいの人口を有しているか？,"約4,500万人","4,500万人","約4,500万人",5728dab94b864d1900164f9a
276,Intergovernmental_Panel_on_Climate_Change,1,IPCCはどの国際機関の一部か？,国連,国連,国連,57293b843f37b31900478133
277,Intergovernmental_Panel_on_Climate_Change,1,IPCCを設立したのは2つの国連機関どれか？,the World Meteorological Organization (WMO) と the United Nations Environment Programme (UNEP),the World Meteorological Organization (WMO) と the United Nations Environment Programme (UNEP),the World Meteorological Organization (WMO) と the United Nations Environment Programme (UNEP),57293b843f37b31900478134
278,Intergovernmental_Panel_on_Climate_Change,1,UNFCCCが安定させようとしているのは何か？,大気中の温室効果ガス濃度,温室効果ガス濃度,人為的な（すなわち人間による）危険な気候システムへの干渉を防止するレベルで、大気中の温室効果ガス濃度を安定させる,57293b843f37b31900478135
279,Intergovernmental_Panel_on_Climate_Change,1,気候変動に関する主要な国際条約は何か？,the United Nations Framework Convention on Climate Change (UNFCCC),the United Nations Framework Convention on Climate Change (UNFCCC),UNFCCC,57293b843f37b31900478136
280,Intergovernmental_Panel_on_Climate_Change,1,IPCCを承認した国連総会の決議はいくつか？,決議 43/53により国連総会で承認された,43/53,決議 43/53により国連総会で承認,57293b843f37b31900478137
281,Chloroplast,1,葉緑体の主要な役割は何か？,太陽光からエネルギーを取り込んでそれを変換し、エネルギー蓄積分子ATPおよびNADPHに貯蔵し、酸素を水から解放する光合成を行うこと,酸素を水から解放する光合成を行う,光合成,572953013f37b3190047824d
282,Chloroplast,1,ATPは何を貯蔵するか？,エネルギー,エネルギー,エネルギー,572953013f37b3190047824e
283,Chloroplast,1,NADPHは何を貯蔵するか？,エネルギー,エネルギー,エネルギー,572953013f37b3190047824f
284,Chloroplast,1,二酸化炭素から有機分子を作るためのプロセスは何として知られるか？,カルビン回路,カルビン回路,カルビン回路,572953013f37b31900478250
285,Chloroplast,1,1細胞あたりの葉緑体の数はいくつか？,1,100,1から100,572953013f37b31900478251
286,Prime_number,1,素数の1以外の除数は何か？,それ自身,それ自身,それ自身,57296d571d04691400779413
287,Prime_number,1,素数でない1より大きい自然数は何と呼ばれるか？,合成数,合成数,合成数,57296d571d04691400779414
288,Prime_number,1,数論における素数の中心的役割を確立するのは何の定理か？,算術の基本定理,算術の基本定理,算術の基本定理,57296d571d04691400779415
289,Prime_number,1,1より大きい任意の整数は何として表すことができるか？,素数の積,素数の積,素数の積,57296d571d04691400779416
290,Prime_number,1,なぜ1を素数として除外する必要があるのか？,定理の一意性は、1は任意の因数分解において任意の1を含むことができることで保証されるので,1は任意の因数分解において任意の1を含むことができる,定理の一意性は、1は任意の因数分解において任意の1を含むことができることで保証されるので,57296d571d04691400779417
291,Rhine,1,ライン川はどこで始まるのか？,スイスアルプス南東部のGraubündenのSwiss canton,Swiss canton,Graubünden,572f5533a23a5019007fc55b
292,Rhine,1,ライン川が通ってないのはどこか？,オランダ,オランダ,オランダ,572f5533a23a5019007fc55c
293,Rhine,1,ライン川の流域で最大の都市はどこか？,ドイツのCologne,Cologne,Cologne,572f5533a23a5019007fc55d
294,Rhine,1,ライン川より大きいのは中部及び西ヨーロッパのどの川か？,ドナウ川,ドナウ川,ドナウ川,572f5533a23a5019007fc55e
295,Rhine,1,ライン川のどのくらいの長さがあるか？,"約1,230キロメートル (760マイル)","1,230キロメートル",760マイル,572f5533a23a5019007fc55f
296,Rhine,1,ライン川はどこにあるか？,ヨーロッパ,中部及び西ヨーロッパ,中部及び西ヨーロッパ,572fe1d404bcaa1900d76e37
297,Rhine,1,ライン川が通ってないのはどの国か？,ドイツ,オランダ,オランダ,572fe1d404bcaa1900d76e3a
298,Rhine,1,ライン川は何キローメートルか？,"約1,230キロメートル","1,230キロメートル","1,230キロメートル",572fe1d404bcaa1900d76e3b
299,Scottish_Parliament,1,現在のスコットランド議会はいつ召集されたか？,1997,1998,1998,572fac17947a6a140053cb54
300,Scottish_Parliament,1,現在のスコットランド議会に譲渡された立法機関としての権力を与えたのは何か？,1998年のスコットランド法,スコットランド法,1998年のスコットランド法,572fac17947a6a140053cb55
301,Scottish_Parliament,1,スコットランド議会が立法権を有しているのはどの分野か？,Westminsterに明示的に留保されていない全ての分野,Westminsterに明示的に留保されていない全ての分野,Westminsterに明示的に留保されていない全ての分野,572fac17947a6a140053cb56
302,Scottish_Parliament,1,スコットランド議会の任期を変更する権限を保持し、法律を制定できる分野を拡大または縮小できるのはどこか？,Westminster,英国議会,英国議会,572fac17947a6a140053cb57
303,Scottish_Parliament,1,スコットランド議会はその立法権がどこに保有されていると明示的に留保されていない分野において立法権を持つか？,Westminster,Westminster,Westminster,572fac17947a6a140053cb58
304,Islamism,1,イスラム復興運動は何か？,政治イスラム教として知られているイスラム主義,イスラム主義,政治イスラム教,572ff626947a6a140053ce8e
305,Islamism,1,イスラム主義がイスラムの価値を実装すると試みているのは生活のどの領域か？,生活のあらゆる領域,生活のあらゆる領域,あらゆる領域,572ff626947a6a140053ce8f
306,Islamism,1,政府と社会に関してイスラム主義は何を好むか？,政府と社会の順序を変える (reordering）,reordering,Shari'aに従い、政府と社会の順序を変える (reordering）ことを好む,572ff626947a6a140053ce90
307,Islamism,1,異なるイスラム主義者の動きは何の間の振動として描写されてきたか？,2つの極,極,2つの極の間,572ff626947a6a140053ce91
308,Islamism,1,社会イスラム化戦略は何によって国家権力を掌握するか？,革命や侵略,革命や侵略,革命,572ff626947a6a140053ce92
309,Imperialism,1,帝国主義は何語の単語に由来するか？,ラテン語,ラテン,ラテン語,573060b48ab72b1400f9c4c6
310,Imperialism,1,帝国主義は何を通じて国の権力と影響力を拡大するか？,植民地化、軍事力やそのほかの手段の利用,軍事力,植民地化,573060b48ab72b1400f9c4c7
311,Imperialism,1,帝国主義という単語は西洋の以外ではどの国に適用されたか？,日本,日本,日本,573060b48ab72b1400f9c4c9
312,Imperialism,1,帝国主義は何が急速に広がることも許してきたか？,技術やアイディア,技術やアイディア,技術やアイディア,573060b48ab72b1400f9c4ca
313,United_Methodist_Church,1,UMCは何を表しているか？,合同メソジスト教会,合同メソジスト教会,合同メソジスト教会,5730982f396df919000961e2
314,United_Methodist_Church,1,合同メソジスト教会とは何か？,主流のプロテスタントのメソジスト宗派,主流のプロテスタントのメソジスト宗派,主流のプロテスタントのメソジスト宗派,5730982f396df919000961e3
315,United_Methodist_Church,1,合同メソジスト教会はいつ設立されたか？,1968年,1968,1968年,5730982f396df919000961e4
316,United_Methodist_Church,1,誰がUMCを設立したか？,the union of the Methodist Church（USA）とthe Evangelical United Brethren Churchの連合,the union of the Methodist Church（USA）とthe Evangelical United Brethren Churchの連合,the union of the Methodist Church（USA）とthe Evangelical United Brethren Church,5730982f396df919000961e5
317,United_Methodist_Church,1,その協会の神学的な起源は何にあるか？,Wesleyan,Wesleyan,Wesleyan,5730982f396df919000961e6
318,French_and_Indian_War,1,フレンチ・インディアン戦争はいつか？,1754–1763,1754–1763,1754–1763,5733cf61d058e614000b62e9
319,French_and_Indian_War,1,フレンチ・インディアン戦争で戦ったのは誰か？,British AmericaとNew Franceの植民地,British AmericaとNew Franceの植民地,British AmericaとNew Franceの植民地,5733cf61d058e614000b62ea
320,French_and_Indian_War,1,フランスの北米植民地には何人の人々がいたか？,"約60,000人のヨーロッパ人の定住者","約60,000人","60,000",5733cf61d058e614000b62eb
321,French_and_Indian_War,1,イギリスの北米植民地には何人の人々がいたか？,200万人,200万人,200万,5733cf61d058e614000b62ec
322,Force,1,古代の哲学者が単純な機械の研究において用いたのは何の概念か？,力,力,力,573735e8c3c5551400e51e71
323,Force,1,力とは一定速度の動により保持されるものであるという信念は何であったか？,根本的な誤り,根本的な誤り,根本的な誤り,573735e8c3c5551400e51e72
324,Force,1,数学的な視点に基づいて運動法則を定式化したのは誰か？,Sir Isaac Newton,Sir Isaac Newton,Sir Isaac Newton,573735e8c3c5551400e51e73
325,Force,1,どれくらいの期間、Sir Isaac Newtonの運動法則は改良されていないか？,300年,300年近く,300年近く,573735e8c3c5551400e51e74
326,Force,1,相対性理論を開発したのは誰か？,Einstein,Einstein,Einstein,573735e8c3c5551400e51e75
